BIGG LOYALTY,BIGGS LOYALTY
BIGGS LOYALTY,BIGGS LOYALTY
BIGGS LOYALTY 1,BIGGS LOYALTY
BIGGS LOYALTY 2,BIGGS LOYALTY
BIGGS LOYALTY 3,BIGGS LOYALTY
FOOD PANDA,FOOD PANDA
FOODPANDA,FOOD PANDA
FOODPANDA 2,FOOD PANDA
FOOD PANDA 2,FOOD PANDA
FOOD PANDA 3,FOOD PANDA
FOODPANDA2,FOOD PANDA
FOOD PANDA2,FOOD PANDA
MARKETING PROMOS,MARKETING PROMOS
MARKETING PROMO,MARKETING PROMOS
MARKETING PROMO 2,MARKETING PROMOS
MARKETING PROMO 3,MARKETING PROMOS
NAN,NANAY'S FAVORITE
NANAYS FAVORITE,NANAY'S FAVORITE
NANAYS FAVORITE - R,NANAY'S FAVORITE
NANAYS FAVORATE,NANAY'S FAVORITE
SALAD DRESSING,SALAD DRESSINGS
SALAD DRESSINGS,SALAD DRESSINGS
SIZZLER,SIZZLERS
SIZZLERS,SIZZLERS
UPGRADE,UPGRADES
UPGRADES,UPGRADES
UPGRADES UPSELLING,UPGRADES
PARTY,PARTY PACKS
PARTY,PARTY PACKS
SIDINGS,TOPSIDERS
SIDERS,TOPSIDERS
FOOD PANDA,FOOD PANDA
FOOD PANDA,FOOD PANDA
BULK ORDERS 2,BULK ORDER
BULK ORDERS,BULK ORDER
ADD ON,ADD ONS
BIGGS MERCH ITEMS,BIGGS MERCH
COFFEE 2,COFFEE
DELIVERY 2,DELIVERY
FOOD PANDA COFFEE,FP COFFEE
FP COFFEE 2,FP COFFEE
MERCH ITEM,BIGGS MERCH
MERCH ITEMS,BIGGS MERCH
NON-COFFEE,NON COFFEE
REPRESENTATION 2,REPRESENTATION
RSD PROMO,RSD PROMOS