 BACON MAC N CHEESE,BACON MAC N CHEESE
TS BACON MAC N CHEESE,BACON MAC N CHEESE
TS BACON MACNCHEESE,BACON MAC N CHEESE
PAN BACON MAC N CHEESE,BACON MAC N CHEESE
TANGUEGUI STEAK,TANGUIGUE STEAK
1 2TIP-1 2-MEDLY-RICE-GRAVY-JUICE-CGKN,NA
1 MEAL P350,NA
1 PC CHICKEN,1PC BIGG CHICKEN
1PC BIGG CAJUN CHICKEN,1PC BIGG CAJUN CHICKEN
1PC BIGGS CAJUN CHICKEN,1PC BIGG CAJUN CHICKEN
1PC BIGG CHICKEN,1PC BIGG CHICKEN
BIGGS FRIED CHICKEN 1PC,1PC BIGG CHICKEN
BIGGS FRIED CHICKEN 2PC,2PC BIGG CHICKEN
BIGGS FREID CHICKEN 2PC,2PC BIGG CHICKEN
BIGGS FRIEDE CHICKEN 2PC,2PC BIGG CHICKEN
BIGGS FRIED CHKN 2PC,2PC BIGG CHICKEN
BIGGS FRIED CHKN 1PC,1PC BIGG CHICKEN
1PC BIGGS CHICKEN,1PC BIGG CHICKEN
1PC BIGG FRIED CHICKEN,1PC BIGG CHICKEN
1PC BMP,1PC BMP
BIGG CAJUN CHICKEN 1PC,1PC BIGG CAJUN CHICKEN
1PC CAJUN,1PC BIGG CAJUN CHICKEN
1PC CAJUN CHICKEN,1PC BIGG CAJUN CHICKEN
CAJUN 1PC	,1PC BIGG CAJUN CHICKEN
PIECE CAJUN,1PC BIGG CAJUN CHICKEN
1PC CHICKEN,1PC BIGG CHICKEN
1PC CHICKEN PJ,1PC BIGG CHICKEN
CHICKEN 1PC,1PC BIGG CHICKEN
1PC CHICKEN W PJ,1PC BIGG CHICKEN
1PC CHIX RICE,1PC BIGG CHICKEN
1PC CORCON,PORK CORDON BLEU
NYRB-REGULAR,NA
1PC CORDON,PORK CORDON BLEU
PORK CORDON BLEU W WHITE GRAVY SAUCE,PORK CORDON BLEU
1PC CRIPSY,1PC BIGG CHICKEN
1PC CRISPY,1PC BIGG CHICKEN
1PC CRISPY 40,1PC BIGG CHICKEN
1PC CRISPY CHICKEN,1PC BIGG CHICKEN
1PC CRISPY CHICKEN P40S,1PC BIGG CHICKEN
1PC CRISPY BOTWATER,1PC BIGG CHICKEN
1PC CRISPY KEF,1PC BIGG CHICKEN
2PC BIGG CHCIKEN,2PC BIGG CHICKEN
2PC BIGGS FRIED CHICKEN,2PC BIGG CHICKEN
2PC BIGGS CAJUN CHICKEN,2PC BIGG CAJUN CHICKEN
1PC KEBAB,PORK KEBAB W JAVA RICE
1PC PORKCHOP,1PC PORKCHOP
2 MEAL P400,NA
BREWD COFFEE,BREWED COFFEE
CAJUN CHICKEN 2PC,2PC BIGG CAJUN CHICKEN
2 PCS BIGG CAJUN CHICKEN,2PC BIGG CAJUN CHICKEN
BIGSS CAJUN CHICKEN 2PC,2PC BIGG CAJUN CHICKEN
BIGGS CAJUN CHICKEN  2PC,2PC BIGG CAJUN CHICKEN
BIGGS CAJUN CHICKEN 2PC,2PC BIGG CAJUN CHICKEN
BIGGS CAJUN CHICKEN 1PC,1PC BIGG CAJUN CHICKEN
BIGGS CAJUN CHKN 1PC,1PC BIGG CAJUN CHICKEN
BIGGS CAJUN CHKN 2PC,2PC BIGG CAJUN CHICKEN
2 PCS BIGG CHICKEN,2PC BIGG CHICKEN
2 PCS BIGG CHCIKEN,2PC BIGG CHICKEN
2 PC CRISPY CHICKEN W ATCHARA,2PC BIGG CHICKEN
2PC BMP,2PC BMP
2PC CAJUN,2PC BIGG CAJUN CHICKEN
2PC CRISPY,2PC BIGG CHICKEN
2PCS BIGG CHICKEN,2PC BIGG CHICKEN
BIGGS CHICKEN 2PC,2PC BIGG CHICKEN
BIGGS CHICKEN 1PC,1PC BIGG CHICKEN
CHOCOLATE CHEESECAKE,NA
CHICKEN 2PCS,2PC BIGG CHICKEN
2PCS CAJUN CHICKEN,2PC BIGG CAJUN CHICKEN
2PCS BIGG CAJUN CHICKEN,2PC BIGG CAJUN CHICKEN
2PCS BIGGS CAJUN CHICKEN,2PC BIGG CAJUN CHICKEN
2PCS BIGGS CHICKEN,2PC BIGG CHICKEN
2PCS BIGGS FRIED CHICKEN,2PC BIGG CHICKEN
2PCS BIGGS CAJUN CHICKEN,2PC BIGG CAJUN CHICKEN
2PCS CHEDDAR CHEESE,NA
2PCS BIGG CHICKEN,2PC BIGG CHICKEN
2PCS CHICKEN,2PC BIGG CHICKEN
2PCS CRISPY CHICKEN,2PC BIGG CHICKEN
3 RICE PLATTER,RICE PLATTER
4 RICE PLATTER,RICE PLATTER
4.4 COOKIES N CREAM SHAKE,COOKIES N CREAM SHAKE
FREE COOKIES N  CREAM,COOKIES N CREAM SHAKE
BERRY BERRY-0,NA
4.4 FREE STICKER,BIGGS STICKER
4.4 MANGO GRAHAM,MANGO GRAHAM SHAKE
4.4 PCS SHAKES,PROMO
6 PCS CHICKEN IN A BOX,CHICKEN IN A BOX (6)
6PCS CHICKEN,CHICKEN IN A BOX (6)
6PCS CHICKEN IN A BOX,CHICKEN IN A BOX (6)
6PCS CHICKEN N BOX,CHICKEN IN A BOX (6)
6PCS CHIX-IN-Q-BOX,CHICKEN IN A BOX (6)
6PCS CHKN IN BOX,CHICKEN IN A BOX (6)
6PCS CHKN N BOX,CHICKEN IN A BOX (6)
7UP N CAN,7UP
8PC CHICKEN,CHICKEN IN A BOX (8)
8 PCS CHICKEN IN A BOX,CHICKEN IN A BOX (8)
8PC CHICKEN N A BOX,CHICKEN IN A BOX (8)
8PCS CHICKEN,CHICKEN IN A BOX (8)
8PCS CHICKEN IN A BOX,CHICKEN IN A BOX (8)
8PCS CHIK-IN-A-BOX,CHICKEN IN A BOX (8)
8PCS CHKN IN BOX,CHICKEN IN A BOX (8)
8PCS CHKN N BOX,CHICKEN IN A BOX (8)
ADVANCE CALL,NA
AMERICAN SLAM,AMERICAN SLAM
AMERICANO,NESPRESSO
APAST CJ,NA
AQUAFINA WATER,BOTTLED WATER
ATCHARA,ATCHARA
ATCHARA TO COLESLAW,UPGRADE TO COLESLAW
ATCHRA TO MEDLEY,UPGRADE TO MEDLEY
ATSARA NA LANG,UPGRADE TO LAING
B-BITS150,PROMO
B1T1 GOTO-EGG,GOTO W EGG
GOTO W  EGG,GOTO W EGG
B1T1 MANGO GRAHAM,MANGO GRAHAM SHAKE
BABY BACK RIBS,BABY BACK RIBS
BABYBACK RIBS,BABY BACK RIBS
BACON,NA
BACN MAC N CHEESE,BACON MAC N CHEESE
MAC N CHEESE,BACON MAC N CHEESE
BACON BURGER,BACON BURGER
BACON BURGR,BACON BURGER
BACON CHEESE BURGER,BACON CHEESY BURGER
BACON CHEESY BURGER,BACON CHEESY BURGER
BACON EGG TOAST,BACON EGG TOAST
BACON HASHBROWN,BACON HASHBROWN
BACONS300G,NA
BAKEDMAC WATER,NA
MAC N`CHEESE35,NA
BBIT150G,PROMO
BBQ VEGGIES,NA
BBQDOG GHRM,NA
BBR MDLY JAVA NENA ITPJHAF,NA
BEEF SALPICAO,BEEF SALPICAO
BEEF TAPA,BEEF TAPA
BERRIES CH CAKE,BERRIES CHEESE CAKE
BERRIES CHEESCAKE,BERRIES CHEESE CAKE
BERRIES CHEESE CAKE,BERRIES CHEESE CAKE
BERRIES CHEESECAKE,BERRIES CHEESE CAKE
BERRIES CHES CAKE,BERRIES CHEESE CAKE
BERRIES CHS CAKE,BERRIES CHEESE CAKE
BERRIES CHZCAKE,BERRIES CHEESE CAKE
BLUEBERRY,BERRIES CHEESE CAKE
BFAST COUNTRY,COUNTRY BREAKFAST
BICOL SPECIAL,BICOL SPECIAL
BICOL SPECIAL W PJ,BICOL SPECIAL
BIGG CAJUN 1PC,1PC BIGG CAJUN CHICKEN
CAJUN 1PC,1PC BIGG CAJUN CHICKEN
BIGG CAJUN CHICKEN 2PC,2PC BIGG CAJUN CHICKEN
BIGG CHICKEN 1PC,1PC BIGG CHICKEN
BIGG CHICKEN 2PC,2PC BIGG CHICKEN
BIGG DEAL,BIGG DEAL
BIGG DEAL CHICKEN,BIGG DEAL
BIGG DEAL CHKN,BIGG DEAL
BIGG PAIR 1,BIGG PAIR 1
BIGG PAIR 2,BIGG PAIR 2
BIGG PAIR 3,BIGG PAIR 3
BIGG PAIR 4,BIGG PAIR 4
BIGG SPAGHETI,ITALIAN SPAGHETTI
SPAG 3,ITALIAN SPAGHETTI
BIGGS MUG,BIGGS MUG
MUG P149,BIGGS MUG
BIGGS TUMBLER,BIGGS TUMBLER
BIGGS UMBRELLA,BIGGS UMBRELLA
BLGNA150,NA
BOILED EGG,EGG
BOLOG150G,NA
BOTTLED WATER,BOTTLED WATER
BREAKFAST SAUSAGE,BREAKFAST SAUSAGE
BREAST,NA
BREAST AND THIGH,NA
BREAST AND WING,NA
BREWDE COFFEE,BREWED COFFEE
BREWED COFF,BREWED COFFEE
COFFEE,BREWED COFFEE
INSTANT COFFEE,BREWED COFFEE
BREWED FLOWING,BREWED FLOWING
BRICK150G,NA
BSHAM150G,NA
BT MAC,BT MAC
BT MACARONI,BT MAC
BT-MAC,BT MAC
BT-MACARONI,BT MAC
BT-POT,BT POT
BT-POTATO,BT POT
BUFFALO PLATTER,BUFFALO PLATTER
BUFFALO SOLO,BUFFALO SOLO
BULK ORDER,NA
BUNDLE TENDERLOIN STEAK,NA
BUNS,BUNS
BUY 1 TAKE 1 GOTO,GOTO
CAJUN 2PCS,2PC BIGG CAJUN CHICKEN
CAJUN 1PC,1PC BIGG CAJUN CHICKEN
CAJUN 1PCS,1PC BIGG CAJUN CHICKEN
CAJUN 2PC,2PC BIGG CAJUN CHICKEN
CAJUN 2PCS,2PC BIGG CAJUN CHICKEN
CAJUN CHICKEN 1PC,1PC BIGG CAJUN CHICKEN
CAJUN CHICKEN 2PCS,2PC BIGG CAJUN CHICKEN
CAJUN1PC,1PC BIGG CAJUN CHICKEN
CALIFORNIA TUNA SANDWICH,CALIFORNIA TUNA SANDWICH
CAP,BIGGS CAP
CAP P149,BIGGS CAP
CARB PBREAD,CARBONARA W PIZZA BREAD
CARBO W  P.BREAD,CARBONARA W PIZZA BREAD
CARBO W PIZZABREAD,CARBONARA W PIZZA BREAD
CARB W CHICKEN,CARB W CHICKEN
CARB W-CHKN,CARB W CHICKEN
CARBO PJ,CARBONARA
CARBO PLATTER,CARBONARA PLATTER
CARBO W CHKN,CARB W CHICKEN
CARBO W CHICKEN,CARB W CHICKEN
CARBO W CHKN,CARB W CHICKEN
CARBO W P.BREAD,CARBONARA W PIZZA BREAD
CARBO W PBRD,CARBONARA W PIZZA BREAD
CARBONARA,CARBONARA
CARBONARA WITH CHICKEN,CARBONARA
CARBONARA CHICKEN,CARB W CHICKEN
CARBONARA P.BREAD,CARBONARA W PIZZA BREAD
CARBONARA PBREAD,CARBONARA W PIZZA BREAD
CARBONARA PLATER,CARBONARA PLATTER
CARBONARA PLATTER,CARBONARA PLATTER
CARBONARA W CHICKEN,CARB W CHICKEN
CARBONARA W CHICKEN AND PIZZA BREAD,CARBONARA PLATTER
CARBONARA W CHICKEN  PIZZA BREAD,CARBONARA PLATTER
CARBONARA W CHKN,CARB W CHICKEN
CARBONARA W P. BREAD,CARBONARA W PIZZA BREAD
CARBONARA W P.BREAD,CARBONARA W PIZZA BREAD
CARBONARA W PB,CARBONARA W PIZZA BREAD
CARBONARA W PIZZA BREAD,CARBONARA W PIZZA BREAD
CARBONARA W-CHICKEN,CARB W CHICKEN
CARONARA,CARBONARA
CARROT CAKE,CARROT CAKE
CARROT CAKE 110,CARROT CAKE
CARROT CAKE NEW,CARROT CAKE
CASH TAKEOUT BEV,NA
CASH TAKEOUT BOX,NA
CCB 30% OFF,CHEESY BURGER
CCB 30% OFF P69,CHEESY BURGER
CHARGE TAKEOUT BEV,NA
CHARGE TAKEOUT BOX,NA
CHEESE BURGER,CHEESY BURGER
CB,CHEESY BURGER
CHEESE FRITTERS,CHEESE FRITTERS
CHEESY BURGER ,CHEESY BURGER
CHEESY BURGER 40,CHEESY BURGER
CHEESY BURGER P40S,CHEESY BURGER
CHEESY POTATO,NA
CHESY BURGER,CHEESY BURGER
CHICHARON,CHICHARON
CHICKEN AND KEBAB,CHICKEN AND KEBAB MEAL
CHICKEN AND KEBAB MEAL,CHICKEN AND KEBAB MEAL
CHX N KBAB DRINK,CHICKEN AND KEBAB MEAL
CHICKEN BURGER,CHICKEN BURGER
CHICKEN CARBONARA,CARB W CHICKEN
CHICKEN IN A BOX 6PCS,CHICKEN IN A BOX (6)
CHICKEN IN A BOX 8PCS,CHICKEN IN A BOX (8)
CHICKEN IN A BOX-6PCS,CHICKEN IN A BOX (6)
CHICKEN IN A BOX-8PCS,CHICKEN IN A BOX (8)
CHICKEN KEBAB,CHICKEN AND KEBAB MEAL
CHICKEN KEBAB MEAL,CHICKEN AND KEBAB MEAL
CHICKEN N BOX-6,CHICKEN IN A BOX (6)
CHICKEN N BOX-8,CHICKEN IN A BOX (8)
CHICKEN N KEBAB,CHICKEN AND KEBAB MEAL
CHICKEN POPPERS,CHICKEN POPPERS
CHICKEN SALIS BURY,CHICKEN SALISBURY STEAK
CHICKEN SALIS BURY STEAK,CHICKEN SALISBURY STEAK
CHICKEN SALISBURY,CHICKEN SALISBURY STEAK
CHICKEN SALISBURY STEAK,CHICKEN SALISBURY STEAK
CHICKEN TOCINO,CHICKEN TOCINO
CHICKEN TOMATO SOUP,NA
CHICKEN-KEBAB,CHICKEN AND KEBAB MEAL
CHICKEN-KEBAB MEAL,CHICKEN AND KEBAB MEAL
CHIX SALIS,CHICKEN SALISBURY STEAK
CHKN KEBAB,CHICKEN AND KEBAB MEAL
CHKN KEBAB MEAL,CHICKEN AND KEBAB MEAL
CHKN-KEBAB MEAL,CHICKEN AND KEBAB MEAL
CHOWDER CRAB N CORN,CRAB N CORN SOUP
CHSY BURGER,CHEESY BURGER
CHUNKY CHICKEN,NA
CHX KBAB JAV ATCH ITPJHAF,NA
CHX RICE H2O,NA
CHX SPG FRIES IT,NA
CLASSIC BURG,CLASSIC BURGER
CLASSIC BURGER,CLASSIC BURGER
CLASSIC CHEESE BURGER,CHEESY BURGER
CLASSIC BURGER W TROPICAL SLAW,CLASSIC BURGER
CLASSIC CHEESY BURGER,CHEESY BURGER
COFFEE,COFFEE
COFFEE P20,COFFEE
COKE ZERO,COKE ZERO
COLESLAW,COLESLAW
COLESLAW 35,COLESLAW
COLESLAW 39,COLESLAW
COOCKIES AND CREAM,COOKIES N CREAM SHAKE
COOKIE N CREAM SHAKE 40,COOKIES N CREAM SHAKE
COOKIES N CREAM,COOKIES N CREAM SHAKE
COOKIES N CREAM 40,COOKIES N CREAM SHAKE
COOKIES N CREAM 60,COOKIES N CREAM SHAKE
COOKIES N CREAM P40S,COOKIES N CREAM SHAKE
COOKIES N CREAM P60,COOKIES N CREAM SHAKE
COOKIES N CREAM SHAKE,COOKIES N CREAM SHAKE
COOKIES N CREAM SHAKE 40,COOKIES N CREAM SHAKE
COOKIES N` CREAM,COOKIES N CREAM SHAKE
COOKIES N`CREAM,COOKIES N CREAM SHAKE
CORDON,PORK CORDON BLEU
CORDON BLEU,PORK CORDON BLEU
PORK CORDON W PJ,PORK CORDON BLEU
CORN,CORN
COUNTRY BFAST,COUNTRY BREAKFAST
COUNTRY BREAFAST,COUNTRY BREAKFAST
COUNTRY BREAK FAST,COUNTRY BREAKFAST
COUNTRY BREAKFAST,COUNTRY BREAKFAST
COUNTRY BRKFST,COUNTRY BREAKFAST
CRAB N CORN,CRAB N CORN SOUP
CRAB N CORN SOUP,CRAB N CORN SOUP
FP LOADED BACON POTATO SOUP,NA
CREAMER,CREAMER
CREAMY MAC SALAD,CREAMY MACARONI SALAD
CRIPSY 2PCS,2PC BIGG CHICKEN
CRIPSY CHICKEN 2PCS,2PC BIGG CHICKEN
CRISPY 1 PC,1PC BIGG CHICKEN
CRISPY 1PC,1PC BIGG CHICKEN
CRISPY 1PC 40,1PC BIGG CHICKEN
CRISPY 1PC P110,1PC BIGG CHICKEN
CRISPY 1PC W PJ,1PC BIGG CHICKEN
1PC CHICKEN W PINEAPPLE JUICE,1PC BIGG CHICKEN
CRISPY 2PC,2PC BIGG CHICKEN
CRISPY 2PCS,2PC BIGG CHICKEN
CRISPY CHICKEN,1PC BIGG CHICKEN
CRISPY CHICKEN 1PC,1PC BIGG CHICKEN
CRISPY CHICKEN 1PC 40,1PC BIGG CHICKEN
CRISPY CHICKEN 2PC,2PC BIGG CHICKEN
CRISPY CHICKEN BURGER,CHICKEN BURGER
CUP TAKE OUT,NA
Carrot Share,CARROT CAKE
DAING NA BANGUS,DAING NA BANGUS
DAING NA BANGUS W EGG,DAING NA BANGUS W EGG
DELIVER CHARGE,NA
DELIVERY CHARGE,NA
DNB,DAING NA BANGUS
DNB EGG,DAING NA BANGUS W EGG
DNB W EGG,DAING NA BANGUS W EGG
DNB W PNGAT,NA
DOG FOOD,NA
DOUBLE DATE TREAT,NA
DOUBLE TREAT,SPAGHETTI W CHICKEN
EMBO 300G,NA
EMBU 300G,NA
EXT PLATTER,EXTREME PLATTER
MANGO GRAHAM  SHAKE,MANGO GRAHAM SHAKE
"EXTE BURGER""",EXTREME BURGER
"EXTE PLATTER""",EXTREME PLATTER
"EXTE REUBEN BURGER""",EXTREME REUBEN BURGER
XTRM REUBEN BRGR,EXTREME REUBEN BURGER
EXRM REUBEN BURG,EXTREME REUBEN BURGER
EXTEME REUBEN BURGER,EXTREME REUBEN BURGER
"EXTE REUBEN""",EXTREME REUBEN BURGER
"EXTE SUP""E BURGER""",EXTREME SUPREME BURGER
EXTE SUP BURGER",EXTREME SUPREME BURGER
EXTREME BURGER,EXTREME BURGER
EXTREME PLATTER,EXTREME PLATTER
EXTREME REUBEN BURGER,EXTREME REUBEN BURGER
EXTREME SUPREME,EXTREME SUPREME BURGER
XTRM SUPPREME,EXTREME SUPREME BURGER
EXTREME SUPREME BURGER,EXTREME SUPREME BURGER
EXTREM SUPREME BURGER,EXTREME SUPREME BURGER
EXTRM BURGER,EXTREME BURGER
EXTRM PLATTER,EXTREME PLATTER
EXTRM REUBEN BURGER,EXTREME REUBEN BURGER
EXTRM SUPRME BURGER,EXTREME SUPREME BURGER
EXTRME PLATTER,EXTREME PLATTER
EXTREM SUPREME BURGER,EXTREME SUPREME BURGER
EXTRME SUP BURGER,EXTREME SUPREME BURGER
"EXTRME SUPE BURGER""",EXTREME SUPREME BURGER
EXTRME SUPREME BURGER,EXTREME SUPREME BURGER
EXTRME SUP``E BURGER,EXTREME SUPREME BURGER
EXT``E BURGER,EXTREME BURGER
EXT``E PLATTER,EXTREME PLATTER
EXT``E REUBEN,EXTREME REUBEN BURGER
EXT``E REUBEN BURGER,EXTREME REUBEN BURGER
EXT``E SUP``E BURGER,EXTREME SUPREME BURGER
FFC TO I-TEA,UPGRADE TO ICED TEA
FFC TO PJ,UPGRADE TO PJ
MIX BERRIES SHKE,MIX BERRIES SHAKE
MIXBERRIES SHAKE,MIX BERRIES SHAKE
BREW BERRIES,MIX BERRIES SHAKE
FOR PICKUP,NA
FRANKS N EGG,FRANKS N EGG
FRANKS AND EGG,FRANKS N EGG
FRANKS N EGGG,FRANKS N EGG
FRANKS N EGGS,FRANKS N EGG
FREE 1PC CRISPY KEF,1PC BIGG CHICKEN
KEF CRISPY 1PC,1PC BIGG CHICKEN
FREE 1PC KEBAB,PORK KEBAB W JAVA RICE
FREE BABY BACK RIBS,BABY BACK RIBS
FREE BDAY PSYCHOCO CAKE,PSYCHOCOLATE CAKE
PSYCH SHARE,PSYCHOCOLATE CAKE
FREE BERRIES CHZCK,BERRIES CHEESE CAKE
FREE BIGGS CAP,BIGGS CAP
FREE BIGGS CUP,BIGGS CAP
FREE BIGGS UMBRELLA,BIGGS UMBRELLA
FREE BIGSS CAP,BIGGS CAP
FREE CAP,BIGGS CAP
FREE COFFEE,COFFEE
FREE COOKIES N CREAM,COOKIES N CREAM SHAKE
FREE COOKIES N CREAM,COOKIES N CREAM SHAKE
FREE CRAB N CORN,CRAB N CORN SOUP
FREE CRAB N CORN SOUP,CRAB N CORN SOUP
FREE EGG,EGG
FREE EXTRA RICE,PLAIN RICE
FREE FLOWING COFI TO HOT CHOCO,UPGRADE TO HOT CHOCO
FREE FLOWING COFI TO ICE-TEA,UPGRADE TO ICED TEA
FREE FLOWING COFI TO PJ,UPGRADE TO PJ
FREE FRENCH FRIES,FRENCH FRIES
FREE GOTO,GOTO
FREE GOTO PLAIN,GOTO
FREE ICE TEA,ROCK & ROLL ICED TEA
ICEDTEA P50,ROCK & ROLL ICED TEA
FREE ICED TEA,ROCK & ROLL ICED TEA
FREE KEBAB,PORK KEBAB W JAVA RICE
FREE MAC SALAD,BT MAC
FREE MACSALAD,BT MAC
FREE MUG,BIGGS MUG
FREE NENAS HARVEST,NENA'S HARVEST
FREE P. BREAD,PIZZA BREAD
FREE PSCHOCO,FREE PSYCHOCO CAKE
FREE PSYCHOCO,FREE PSYCHOCO CAKE
FREE PSYCHOCO CK,FREE PSYCHOCO CAKE
MANGO GRAHAM  SHAKE,MANGO GRAHAM SHAKE
FREE PINEAPLE JIUCE,PINEAPPLE JUICE
FREE PINEAPPLE JJUICE,PINEAPPLE JUICE
FREE PINEAPPLE JUICE,PINEAPPLE JUICE
FREE PIZZ BREAD,PIZZA BREAD
FREE PIZZA BREAD,PIZZA BREAD
FREE PIZZZA BREAD,PIZZA BREAD
FREE PJ,PINEAPPLE JUICE
FREE PJ SCR,PINEAPPLE JUICE
FREE RASPBERRY ICED TEA,R&B ICED TEA
FREE RASPBERRY IT,R&B ICED TEA
FREE SOUTH WESTERN SALAD,SOUTHWESTERN SALAD
FREE SPAG,ITALIAN SPAGHETTI
FREE SPAGHETI KEF,ITALIAN SPAGHETTI
FREE SPAGHETTI,ITALIAN SPAGHETTI
FREE SPAGHETTI KEF,ITALIAN SPAGHETTI
FREE TO JAVA,UPGRADE TO JAVA
FREE TO RED RICE,UPGRADE TO RED RICE
FREE UMBRELLA,BIGGS UMBRELLA
FREE XTRA RICE,PLAIN RICE
FRENCH BREAD,FRENCH BREAD
FRENCH FRIES,FRENCH FRIES
FRENCH TOAST,FRENCH TOAST
FRIED EGG,EGG
FRIED RICE,FRIED RICE
G-LNG300G,NA
G-LONG300,NA
GARLIC PARMESAN HOTLEGS,NA
GARLIC PARMESAN,NA
1PC GARLIC PARMESAN,NA
GARLIC TO JAVA,TO JAVA
SQUAD-PARMESAN,NA
GC 100,GC
GC 50,GC
GC P100,GC
GC100,GC
GLAIZE300,NA
GOTO,GOTO
GOTO - LARGE,GOTO
GOTO 40,GOTO W EGG
GOTO EGG,GOTO W EGG
GOTO EGG 40,GOTO W EGG
GOTO P40S,GOTO W EGG
GOTO WITH EGG,GOTO W EGG
GOTO W EGG 40,GOTO W EGG
GOTO W EGG P40S,GOTO W EGG
GOTO W EGG,GOTO W EGG
GOTO W EGG - LARGE,GOTO W EGG
GOTO W EGG 40,GOTO W EGG
GOTO W EGG P40S,GOTO W EGG
GOTO W EGG TB,GOTO W EGG TB
GOTO W TB,GOTO W TB
GOTO WEGG,GOTO W EGG
GOTO WEGG 40,GOTO W EGG
GRAVY,GRAVY
GREEN MANGO SHAKE,NA
HALF TIPS HALF VEGGIES W WATER,NA
HALO SUP``E,NA
HAM STEAK,HAM STEAK
HAM STEAK 299,HAM STEAK
HAPPY & FIT,HAPPY & FIT
HASH BROWN,HASH BROWN
HERB MAYO FREE,HERB MAYO
HERB MAYO 30G,HERB MAYO
HERBMAYO,HERB MAYO
HOT CHICKEN HAVANA,NA
2PC HOT HAVANA,NA
POTATO WEDGE,NA
CHICKEN SQUAD-FLAMMING,NA
CHICKEN SQUAD,NA
HOT CHOCO,HOT CHOCO
HOT CHOCOLATE,HOT CHOCO
HOT SAUCE,HOT SAUCE
HOT TEA,NA
HOTDOG,HOTDOG
ICED TEA,ROCK & ROLL ICED TEA
ICED TEA-XL,ROCK & ROLL ICED TEA
ICED TEA 40,ROCK & ROLL ICED TEA
ICED TEA P40S,ROCK & ROLL ICED TEA
ICED TEA P50,ROCK & ROLL ICED TEA
ICED TEA SPIN,ROCK & ROLL ICED TEA
ICED TEA-LARGE,ROCK & ROLL ICED TEA
ICED TEA-REGULAR,ROCK & ROLL ICED TEA
ICEDTEA 40,ROCK & ROLL ICED TEA
R&B ICED TEA,ROCK & ROLL ICED TEA
IN PLATE,NA
ITALIAN SPAGHETTI,ITALIAN SPAGHETTI
ITALIAN SPAGHETTI W P. BREAD,ITALIAN SPAGHETTI W PIZZA BREAD
ITALIAN SPAGHETTI W PIZZA BREAD,ITALIAN SPAGHETTI W PIZZA BREAD
SPAG W  PIZZA PREAD,ITALIAN SPAGHETTI W PIZZA BREAD
Italian Puttanesca,NA
FP EGG,NA
LOADED BACON POTATO SOUP,NA
BIGGS MESH CAP PREMIUM,BIGGS CAP
FP LOADED BACON POTATO SOUP,NA
JAVA RICE,JAVA RICE
KIMCHI,KIMCHI
KIMCHI 39,KIMCHI
KIMCHI  39,KIMCHI
KIMCHI 35,KIMCHI
TS KIMCHI,KIMCHI
KOREAN SPARE RIBS,KOREAN SPARE RIBS
KOEREAN SPARE RIBS,KOREAN SPARE RIBS
KSR,KOREAN SPARE RIBS
LAING,LAING
LARGE ICED TEA,ROCK & ROLL ICED TEA
LEG AND BREAST,NA
LEG AND THIGH,NA
LEG AND WING,NA
LESS CREAM,NA
LESS ICE,NA
LESS SPICY,NA
MAC SALAD,CREAMY MACARONI SALAD
MAC SALAD 39,BT MAC
MAC SALAD 35,BT MAC
MAC SALAD P40S,BT MAC
MAC SALAD W CHICKEN,NA
MAC SIDER,TS MAC SALAD
MACARONI SALAD,CREAMY MACARONI SALAD
MACARONI SALAD 40,BT MAC
MAKE IT BIGGS,NOVELTY
MAKE IT BIGGS CARD,NOVELTY
MAKE IT BIGGS CARD 659,NOVELTY
MAKE IT BIGGSS CARD 659,NOVELTY
MANGO,NA
MANGO GRAHAM,MANGO GRAHAM SHAKE
MANGO GRAHAM SHAKE,MANGO GRAHAM SHAKE
MANGO GRAHAM 40,MANGO GRAHAM SHAKE
MANGO GRAHAM P40S,MANGO GRAHAM SHAKE
MANGO GRAHAM SHAKE,MANGO GRAHAM SHAKE
MANGO GRAHAM SHAKE 40,MANGO GRAHAM SHAKE
MANGO GRAHAM SHAKE P40S,MANGO GRAHAM SHAKE
MANGO GRAHAM SHK,MANGO GRAHAM SHAKE
MANGO GRAHAM SPIN,MANGO GRAHAM SHAKE
MANGO GREEN SHAKE,MANGO GRAHAM SHAKE
MASHED POT 39,1PC BMP
MASHED POT  39,1PC BMP
MASHED POT 35,1PC BMP
MASHED POTATO,1PC BMP
MAYO,MAYONAISE
MAYONAISE,MAYONAISE
MEAL 1,NA
MEAL 2,NA
MEAL 3,NA
MEDIUM WELL,NA
MEDLEY COLESLAW,NA
MEDLEY KIMCHI,NA
MEDLEY NA LANG,NA
MEDLEY ORIENTAL SALAD,NA
MEDLEY TO COLESLAW,UPGRADE TO COLESLAW
MEDLEY TO KIMCHI,UPGRADE TO KIMCHI
MEDLEY TO ORIENTAL SALAD`,UPGRADE TO ORIENTAL SALAD
MESH CAP SPIN,BIGGS CAP
MINERAL WATER,BOTTLED WATER
MINI FRIED RICE,FRIED RICE
MINI JAVA RICE,JAVA RICE
MINI RICE,PLAIN RICE
MIRINDA CAN,MIRINDA
MERINDA,MIRINDA
MIRINDA  CAN,MIRINDA
MIRINDA IN CAN,MIRINDA
MIX VEGGIES,MIXED VEGGIES
MIXED VEGETABLES,MIXED VEGGIES
MIXED VEGGIES,MIXED VEGGIES
MORE ICE,NA
MORE DRESSING,NA
MORE SPICY,NA
MOUNTAIN DEW 175,MOUNTAIN DEW
MOUNTAIN DEW CAN,MOUNTAIN DEW
MOUNTAIN DEW GLASS,MOUNTAIN DEW
MOUNTAIN DEW IN CAN,MOUNTAIN DEW
MOUNTAINDEW CAN,MOUNTAIN DEW
MOUNTAINDEW N CAN,MOUNTAIN DEW
MUG,MUG ROOTBEER
ROOTBEER CAN,MUG ROOTBEER
ROOT BEER,MUG ROOTBEER
MUG ROOT BEER CAN,MUG ROOTBEER
MUG ROOTBEER CAN,MUG ROOTBEER
MUG ROOTBEER IN CAN,MUG ROOTBEER
MUG ROT BER CAN,MUG ROOTBEER
NENA'S HARVEST,NENA'S HARVEST
NENAS HARVEST,NENA'S HARVEST
NES - BREWED COFFEE,NESPRESSO
NES-BREWED COFFEE,NESPRESSO
NESPRESO BREWED COFI,NESPRESSO
NESPRESSO BREWED COFFEE,NNESPRESSO
NESPRESSO COFFEE,NESPRESSO
CAPPUCINO,NESPRESSO
NESPRESO,NESPRESSO
NESPRESO COFFEE,NESPRESSO
NO CHARON,NA
NO CREAM,NA
NO DRESSING,NA
NO ICE,NA
NO SALT,NA
NO SCALLION,NA
NO SUGAR,NA
NOT BREAST,NA
NOT COLD,NA
NOT LEG,NA
NOT SPICY,NA
NOT THIGH,NA
NOT WING,NA
O-CHK300G,NA
O-TOCI300,NA
ORIENTAL SALAD,ORIENTAL SALAD
ORNTAL SALAD 39,ORIENTAL SALAD
ORNTAL SALAD  39,ORIENTAL SALAD
ORNTAL SALAD 35,ORIENTAL SALAD
OUT NA,NA
P-TOCI150,NA
P100 GC SPIN,GC
P129 BERRIES CK,BERRIES CHEESE CAKE
P129 CARROT CAKE,CARROT CAKE
FREE BDAY CARROT CAKE,CARROT CAKE
P49 ICED TEA,ROCK & ROLL ICED TEA
P50 GC,GC
DADS P50 VOUCHER,GC
FIT N TRIM,NA
P50 GC BLA,GC
P50 ICED TEA,ROCK & ROLL ICED TEA
P6 PJ,PINEAPPLE JUICE
P60 COOKIES N CREAM,COOKIES N CREAM SHAKE
P659 MAKE IT BIGGS,NOVELTY
P659 MAKE IT BIGGS CARD,NOVELTY
P8 TS MAC SALAD,TS MAC SALAD
PA RUSH,NA
PACKAGING,NA
PANCIT GUISADO,NA
PAUNA,NA
SQUAD-CAJUN,NA
SPEEDY FRANKS,NA
PC CAJUN,1PC BIGG CAJUN CHICKEN
PC CAJUN CHICKEN,1PC BIGG CAJUN CHICKEN
PC CHICKEN,1PC BIGG CHICKEN
PC KEBAB,PORK KEBAB W JAVA RICE
PIECE KEBAB,PORK KEBAB W JAVA RICE
PC TOCINO,NA
PCHOP RICE,1PC PORKCHOP
PEPSI CAN,PEPSI
PEPSI BLACK,PEPSI BLACK
PEPSI BLACK CAN,PEPSI BLACK
PEPSI BLACK IN CAN,PEPSI BLACK
PEPSI BLCK CAN,PEPSI BLACK
PEPSI BLUE,PEPSI BLUE
PEPSI BLUE CAN,PEPSI BLUE
PEPSI  CAN,PEPSI
PEPSI CAN,PEPSI
PEPSI GLASS,PEPSI
PEPSI IN CAN,PEPSI
PEPSI N CAN,PEPSI
PEPSI R EG CAN,PEPSI
PEPSI REG CAN,PEPSI
PEPSI REG. CAN,PEPSI
PEPSI REGULAR CAN,PEPSI
PEPSI REGULAR IN CAN,PEPSI
PINEAPPLE CURED TOCINO,PINEAPPLE CURED TOCINO
PINEAPPLE JUICE,PINEAPPLE JUICE
PINEAPPLE JUICE FREE,PINEAPPLE JUICE
PIZZA BREAD,PIZZA BREAD
PJ,PINEAPPLE JUICE
PJ @ P29,PINEAPPLE JUICE
PJ LARGE,PINEAPPLE JUICE
PJ N CAN,PINEAPPLE JUICE
PJ P29,PINEAPPLE JUICE
PJ REGULAR,PINEAPPLE JUICE
PJ-LARGE,PINEAPPLE JUICE
PLAIN LANG,PLAIN RICE
PLAIN RICE,PLAIN RICE
PLAIN RICE TO JAVA,UPGRADE TO JAVA
PLAIN TO FRIED,UPGRADE TO FRIED RICE
PLAIN TO JAVA,UPGRADE TO JAVA
PORK BBQ-4PCS 275G,NA
PORK BELL HAM,PORK BELLY HAM
PORK BELLY HAM,PORK BELLY HAM
PORK CHOP,1PC PORKCHOP
PORK CORDON,PORK CORDON BLEU
PORK CORDON BLEU,PORK CORDON BLEU
PORK CORDON BLUE,PORK CORDON BLEU
PORK KEBAB,PORK KEBAB W JAVA RICE
PORK KEBAB W JAVA RICE,PORK KEBAB W JAVA RICE
PORK KEBABS,PORK KEBAB W JAVA RICE
PORK KEBABS W JAVA RICE,PORK KEBAB W JAVA RICE
PORKCHOP,1PC PORKCHOP
PORL BELL HAM,PORK BELLY HAM
POT SALAD 35,POTATO SALAD
POTATO SALAD,POTATO SALAD
POWER VEGGIES,NA
PPSI BLCK CAN,PEPSI BLACK
PSYCHOCO CAKE,PSYCHOCOLATE CAKE
FREE BDAY PSYCHOCO,PSYCHOCOLATE CAKE
PSYCHOCOLATE CAKE,PSYCHOCOLATE CAKE
PSYCHOCOLATE SOLO,PSYCHOCOLATE CAKE
R N B ICED TEA,R&B ICED TEA
R&B ICED TEA,R&B ICED TEA
R&B ICED TEA 49,R&B ICED TEA
R&B ICED TEA 79,R&B ICED TEA
R&B ICED TEA ADD ON,R&B ICED TEA
RASPBERRY ICED TEA,R&B ICED TEA
RB IT,R&B ICED TEA
RB IT P49,R&B ICED TEA
RED RICE,RED RICE
RED RICE GOTO,RED RICE GOTO
REUBEN BURGER,EXTREME REUBEN BURGER
RIBS,BABY BACK RIBS
RIBS & SMOKED CHICKEN,RIBS & SMOKED CHICKEN
RIBS AND SMOKED CHICKEN,RIBS & SMOKED CHICKEN
RIBS N SMOKE CHICKEN,RIBS & SMOKED CHICKEN
RIBS N SMOKED CHICKEN,RIBS & SMOKED CHICKEN
RIBS SMOKED CHICKEN,RIBS & SMOKED CHICKEN
RIBS&SMOKED CHKN,RIBS & SMOKED CHICKEN
RIBSMOKE CHICKEN,RIBS & SMOKED CHICKEN
RICE P19,PLAIN RICE
RICE SPG BSALP CHX VEGMDLY,NA
RIPE MANGO SHAKE,RIPE MANGO SHAKE
RIPE MANGO SHAKE 40,RIPE MANGO SHAKE
RIPE MANGO SHKE,RIPE MANGO SHAKE
RIPE MNGO SHAKE 40,RIPE MANGO SHAKE
RMS,RIPE MANGO SHAKE
RMS 40,RIPE MANGO SHAKE
RMS P40S,RIPE MANGO SHAKE
RNB ICED TEA,R&B ICED TEA
ROASTED SEASAME DRESSING,ROASTED SESAME DRESSING
ROASTED SESAME,ROASTED SESAME DRESSING
ROASTED SESAME DRESSING,ROASTED SESAME DRESSING
ROEASTED SESAME,ROASTED SESAME DRESSING
ROOTBEER,MUG ROOTBEER
ROOTBEER N CAN,MUG ROOTBEER
Roasted Sesame P16,ROASTED SESAME DRESSING
Roasted Sesame P29,ROASTED SESAME DRESSING
Roasted Sesame-0,ROASTED SESAME DRESSING
S-LNG300G,NA
S-LONG300,NA
SALAD DRESSING,NA
SALIS BURY STEAK,SALISBURY STEAK
SALISBURY STK W  PJ,SALISBURY STEAK
SALIS BURY STEAK 199,SALISBURY STEAK
SALIS BURY STEAK P199,SALISBURY STEAK
SALIS HAFCRDN MDLY RICE ITPJ,NA
SALISBURY 199,SALISBURY STEAK
CHICKEN SALIS,CHICKEN SALISBURY STEAK
SALISBURY CHICKEN,CHICKEN SALISBURY STEAK
SALISBURY STEAK,SALISBURY STEAK
SCRAMBLE EGG,EGG
SEPARATE CHARON,NA
SEPARATE ICE,NA
SEPARATE RICE,NA
SERVE LATER,NA
SEVEN UP,7UP
SEVEN UP CAN,7UP
SEVEN UP  CAN,7UP
SEVEN UP ACAN,7UP
SEVEN UP CAN,7UP
SEVEN UP GLASS,7UP
SEVEN UP IN CAN,7UP
SEVENUP CAN,7UP
SEVENUP GLASS,7UP
SISIG150G,NA
SIZZLING TOFU,SIZZLING TOFU
SIZZLING TOFU WITH MUSHROOM,SIZZLING TOFU
SKNLES150,NA
SKNLNG150,NA
SLICED CHEESE,SLICED CHEESE
SMOKED CHCKEN,SMOKED CHICKEN
SMOKED CHICKEN,SMOKED CHICKEN
SMOKED CHIX BBR,SMOKED CHICKEN
SNACK 1,NA
SNACK 2,NA
SNACK 3,NA
SOUTHWEST SALAD,SOUTHWESTERN SALAD
SOUTHWESTERN SALAD,SOUTHWESTERN SALAD
SOUTHWST SALAD,SOUTHWESTERN SALAD
SOUTWEST SALD,SOUTHWESTERN SALAD
SPAGHETTI W PIZZA BREAD,ITALIAN SPAGHETTI W PIZZA BREAD
SPAG,ITALIAN SPAGHETTI
SPAG BREAD,ITALIAN SPAGHETTI W PIZZA BREAD
SPAG BY THE PAN,SPAG BY THE PAN
SPAG CHICKEN,SPAGHETTI W CHICKEN
SPAG CHX KBAB FBRD ITPJHAF,NA
SPAG IT,ITALIAN SPAGHETTI
SPAG MINERAL,BOTTLED WATER
SPAG P.BREA,ITALIAN SPAGHETTI W PIZZA BREAD
SPAG P70,ITALIAN SPAGHETTI
SPAG PBREAD,ITALIAN SPAGHETTI W PIZZA BREAD
SPAG PJ,ITALIAN SPAGHETTI
SPAG PLATTER,SPAG PLATTER
FP SPAGHETTI W CHICKEN P.BREAD,SPAG PLATTER
SPAGHETTI PALTTER,SPAG PLATTER
SPAGHITTE PLATTER,SPAG PLATTER
SPAG W P.BREAD,ITALIAN SPAGHETTI W PIZZA BREAD
SPAG W PIZZABREAD,ITALIAN SPAGHETTI W PIZZA BREAD
SPAG W PIZZA BREAD,ITALIAN SPAGHETTI W PIZZA BREAD
SPAG WITH PIZZA BREAD,ITALIAN SPAGHETTI W PIZZA BREAD
SPAG W PIZZA BREAD,ITALIAN SPAGHETTI W PIZZA BREAD
SPAGHETI,ITALIAN SPAGHETTI
SPAGHETI PLATTER,SPAG PLATTER
SPAGHETTI,ITALIAN SPAGHETTI
SPAGHETTI 40,ITALIAN SPAGHETTI
SPAGHETTI BY THE PAN,SPAG BY THE PAN
SPAGHETTI FREE,ITALIAN SPAGHETTI
SPAGHETTI P.BREAD,ITALIAN SPAGHETTI W PIZZA BREAD
SPAGHETTI P40S,PROMO
SPAGHETTI PLATTER,SPAG PLATTER
FP SPAGHETTI W CHICKEN P.BREAD,SPAG PLATTER
SPAGHETTI W CHICKEN,SPAGHETTI W CHICKEN
SPAGHETTI W CHICKEN AND P.BREAD,SPAG PLATTER
FP SPAGHETTI W CHICKEN P.BREAD,SPAG PLATTER
SPAGHETTI W P. BREAD,ITALIAN SPAGHETTI W PIZZA BREAD
SPAGHETTI W P.BREAD,ITALIAN SPAGHETTI W PIZZA BREAD
SPAGHETTI W PB,ITALIAN SPAGHETTI W PIZZA BREAD
SPG CHX TUNASND ITPJHAF,NA
SQUAD MEAL 2,NA
SQUAD MEAL 3,NA
SQUAD MEAL 4,NA
SQUAD MEAL 5,NA
SQUAD MEAL 6,NA
SQUAD-FLAMMING,NA
STYRO,NA
SUGAR,SUGAR
SUPER HOT,NA
SURFERS,NA
TAKE OUT BOX,NA
TAKEOUT 1,NA
TANGUEGUI STEAK,TANGUIGUE STEAK
 TANGUEGUI STEAK,TANGUIGUE STEAK
TANGUIGUE STEAK,TANGUIGUE STEAK
TANGUIGUI STEAK,TANGUIGUE STEAK
TAPSILOG,TAPSILOG
TARP,NA
TEDERLOIN TIPS,TENDERLOIN TIPS
TENDELION TIPS,TENDERLOIN TIPS
TENDELOIN TIPS,TENDERLOIN TIPS
TENDERLOIN STEAK,TENDERLOIN TIPS
TENDERLION TIPS,TENDERLOIN TIPS
TENDERLOIN TIPS W BMP,TENDERLOIN TIPS
TERYK300,NA
THIGH,NA
THOUSAN ISLAND,THOUSAND ISLAND
THOUSAND ISLAND,THOUSAND ISLAND
THOUSAND ISLAND -16,THOUSAND ISLAND
THOUSAND ISLAND 16,THOUSAND ISLAND
THOUSAND ISLAND DRESSING,THOUSAND ISLAND
THOUSSAND ISLAND DRESSING,THOUSAND ISLAND
THSND ISLAND DRESSING,THOUSAND ISLAND
TIPS,TENDERLOIN TIPS
TIPS CHX MDLY RICE TSMC ITPJHAF,NA
TIPS NO MEDLEY,TENDERLOIN TIPS
TO BCB,UPGRADE TO BACON CHEESE BURGER
TO CAJUN,UPGRADE TO CAJUN
TO CAJUN CHICKEN,UPGRADE TO CAJUN
TO FLOWING COFFEE,UPGRADE TO UNLI COFFEE
TO FRIED RICE,UPGRADE TO FRIED RICE
TO GARLIC RICE,UPGRADE TO GARLIC RICE
TO JAVA,UPGRADE TO JAVA
TO JAVA RICE,UPGRADE TO JAVA
TO RED RICE,UPGRADE TO RED RICE
TO UNLI COFFEE,UPGRADE TO UNLI COFFEE
TO UNLICOFFEE,UPGRADE TO UNLI COFFEE
TOASTED,NA
TOCILOG,TOCILOG
TOCIN150G,NA
TOKWA,TOKWA
TOKWAT BABOY,TOKWA'T BABOY
FREE TOKWAT BABOY,TOKWA'T BABOY
TOSILOG,TOCILOG
TOWER BURGER,TOWER BURGER
TP COLESLAW,TS COLESLAW
TP KIMCHI,TS KIMCHI
TP MAC SALAD,TS MAC SALAD
TP MACARONI SALAD,TS MAC SALAD
TP MACSALAD,TS MAC SALAD
TP MASHED POTATO,TS MASHED POTATO
TP MC SALAD,TS MAC SALAD
TP ORIENTAL SALAD,TS ORIENTAL SALAD
TP ORIENTAL SLAD,TS ORIENTAL SALAD
TP ORIENTAL SLD,TS ORIENTAL SALAD
TP VEG MEDLEY,TS VEG MEDLEY
TP VEGE TABLE MEDLY,TS VEG MEDLEY
TP VEGETABLE MEDLEY,TS VEG MEDLEY
TS VEGETABLE MEDLY,TS VEG MEDLY
TP VEGETABLE MEDLY,TS VEG MEDLEY
FP TS VEG MEDLEY,TS VEG MEDLEY
TP-COLESLAW,TS COLESLAW
TP-KIMCHI,TS KIMCHI
TP-MAC SALAD,TS MAC SALAD
TP-MACSALD,TS MAC SALAD
TP-MASH POTATO,TS MASHED POTATO
TP-ORIENTAL SALAD,TS ORIENTAL SALAD
TP-VEGETABLE MED,TS VEG MEDLEY
TRYKI300,NA
TS ORIENTAL SALAD,TS ORIENTAL SALAD
TS COLESLAW,TS COLESLAW
TS KIMCHI,TS KIMCHI
TS MAC SALAD,TS MAC SALAD
TS MACARONI SALAD,TS MAC SALAD
TS MACSALAD,TS MAC SALAD
TS MACSLD,TS MAC SALAD
TS MASHD POTATO,TS MASHED POTATO
TS MASHED POTATO,TS MASHED POTATO
TS ORIENTAL SALAD,TS ORIENTAL SALAD
TS ORIENTAL SLD,TS ORIENTAL SALAD
TS VEG MEDLEY,TS VEG MEDLEY
TS VEG MEDLY,TS VEG MEDLEY
TS VEGETABLE MEDLEY,TS VEG MEDLEY
TS VEGTABLE MEDLEY,TS VEG MEDLEY
TS-MAC SALAD,TS MAC SALAD
TUNA SALPICAO,TUNA SALPICAO
TUNA SANDWCH,CALIFORNIA TUNA SANDWICH
TUNA SANDWICH,CALIFORNIA TUNA SANDWICH
TUNA SANDWITCH,CALIFORNIA TUNA SANDWICH
TUNA SANDWICH W PJ,CALIFORNIA TUNA SANDWICH
TUNA SANDWICH W B.WATER,CALIFORNIA TUNA SANDWICH
TUNA SND PJ,NA
TUNA SND MINERAL,NA
TUNA STEAK,TUNA STEAK
UMBRELLA,BIGGS UMBRELLA
UNLI COFFEE,UPGRADE TO UNLI COFFEE
UNLIMITED COFFEE,UPGRADE TO UNLI COFFEE
UP RED RICE,UPGRADE TO RED RICE
USED OIL,NA
VEG MEDLEY 39,VEGETABLE MEDLEY
VEG MEDLEY 35,VEGETABLE MEDLEY
VEG MEDLEY  39,VEGETABLE MEDLEY
VEGETABLE MEDLEY,VEGETABLE MEDLEY
VEGETABLE MEDLEY P5,VEGETABLE MEDLEY
VEGETABLE MEDLEY SPIN,VEGETABLE MEDLEY
VEGETABLE MEDLEY35,VEGETABLE MEDLEY
VEGETABLES MEDLEY,VEGETABLE MEDLEY
VEGETARIAN OMELETTE,NA
VEGGIES ONLY,NA
VEGGIES-REGULAR,NA
VENUE RENTAL,NA
W CONDIMENTS,NA
WELLDONE,NA
WING,NA
WING AND BREAST,NA
WING AND THIGH,NA
WITH CUTLERY,NA
WITHOUT CUTLERY,NA
XTRM BURGER,EXTREME BURGER
XTRM PLATTER,EXTREME PLATTER
XTRM REUBEN,EXTREME REUBEN BURGER
XTRM REUBEN BURG,EXTREME REUBEN BURGER
XTRM REUBEN BURGER,EXTREME REUBEN BURGER
XTRM REUBN BURG,EXTREME REUBEN BURGER
XTRM SUP BURGER,EXTREME SUPREME BURGER
"XTRM SUPE BURGER""",EXTREME SUPREME BURGER
XTRM SUPREME BURGER,EXTREME SUPREME BURGER
XTRM SUPRME BURG,EXTREME SUPREME BURGER
40TH SHIRT ADULT,BIGGS SHIRT
6PC CHICKEN,CHICKEN IN A BOX (6)
8PC CHICKEN,CHICKEN IN A BOX (8)
BERIES CHS CAKE,BERRIES CHEESE CAKE
BIGG TREAT MACRONI,BT MAC
BIGGS MESH CAP,BIGGS CAP
BURGER TOWER,TOWER BURGER
CAJUN 2 PC,2PC BIGG CAJUN CHICKEN
CAJUN 2PC,2PC BIGG CAJUN CHICKEN
CAJUN 2PC	,2PC BIGG CAJUN CHICKEN
CAJUN 2PCS,2PC BIGG CAJUN CHICKEN
CAJUN  2PCS,2PC BIGG CAJUN CHICKEN
CARB P.BREAD,CARBONARA W PIZZA BREAD
CARBO PLATER,CARBONARA PLATTER
CARBO W PBREAD,CARBONARA W PIZZA BREAD
CARBO W  PBREAD,CARBONARA W PIZZA BREAD
CARBO WITH PIZZA BRED,CARBONARA W PIZZA BREAD
CARBOANARA W CHICKEN,CARB W CHICKEN
CARBO W  CHKN,CARB W CHICKEN
CLASSIC DOG,NA
CRISPY CHICKEN 2 PCS,2PC BIGG CHICKEN
EXT SURME BURGER,EXTREME SUPREME BURGER
EXTRE RUEBEN BURGER,EXTREME REUBEN BURGER
EXTREME REUBEN,EXTREME REUBEN BURGER
FLAMIN HOT CHEETOS,NA
FRIES,FRENCH FRIES
HAM STEAK 329,HAM STEAK
ICED TEA 75,ROCK & ROLL ICED TEA
ICED TEA LARGE,ROCK & ROLL ICED TEA
NORI DOG,NA
NORIDOG,NA
PEPSI 175,PEPSI
PEPSI REGULAR,PEPSI
PJ LRGE,PINEAPPLE JUICE
PSYCHOCHOCO CAKE,PSYCHOCOLATE CAKE
PSYCHOLATE CAKE,PSYCHOCOLATE CAKE
R&B ICED TEA 89,ROCK & ROLL ICED TEA
ROUND CARROT CAKE,CARROT CAKE
SMOKED CHICKEN 299,SMOKED CHICKEN
SPAG W PBREAD,ITALIAN SPAGHETTI W PIZZA BREAD
SPAHETTI PLATTER,SPAG PLATTER
SPAGHETTI W CHICKEN P.BREAD,SPAG PLATTER
STRAWBERRY YOGURT SHK119,STRAWBERRY SHAKE
STRAWBERRY YOGURT SHK99,STRAWBERRY SHAKE
TAKEOUT 2,NA
TAKEOUT BEV 3,NA
TOWER BURG,TOWER BURGER
TP-MASHED POTATO,TS MASHED POTATO
TP-ORIENTAL SALD,TS ORIENTAL SALAD
TP-VEGETABLE MEDLY,TS VEG MEDLEY
EXT SURME BURGER,EXTREME BURGER
EXT SUPREME BURGER,EXTREME BURGER
ICE CREAM-2SCOOP,NA
GARLIC RANCH DIP,NA
NO RICE,NA
40TH SHIRT KIDS,BIGGS SHIRT
FREE MEAL 1,NA
FREE MEAL 2,NA
FREE MEAL 3,NA
STICKER PACK PRIZE,NOVELTY
TEXMEX CAROLINE BBQ,TEXMEX CAROLINE BBQ RIBS
TEXMEX CHIPOTLE,TEXMEX CHIPOTLE BBQ RIBS
TEXMEX CAROLINE,TEXMEX CAROLINE BBQ RIBS
TEXMEX BBQ RIBS,TEXMEX CAROLINE BBQ RIBS
TEXMEX CHIPOTLE BBQ RICE,TEXMEX CHIPOTLE BBQ RIBS
TEXMEX KANSAS,TEXMEX KANSAS BBQ RIBS
TEXTMEX KANSAS BBQ RIBS,TEXMEX KANSAS BBQ RIBS
TEXMEX BBQ RIBS CAROLINE,TEXMEX CAROLINE BBQ RIBS
TEXMEX BBQ RIBS CHIPOTLE,TEXMEX CHIPOTLE BBQ RIBS
TEXMEX BBQ RIBS KANSAS,TEXMEX KANSAS BBQ RIBS
TEXMEX CHIPOTLE BBQ,TEXMEX CHIPOTLE BBQ RIBS
TEXMEX KANSAS BBQ,TEXMEX KANSAS BBQ RIBS
6PC CHICKEN IN A BOX,6PCS CHICKEN IN A BOX
6PCS CHICKEN N A BOX,6PCS CHICKEN IN A BOX
1PC BIGGS FRIED CHICKEN,1PC BIGG CHICKEN
2PC BIGGS CHICKEN,2PC BIGG CHICKEN
BABYBACK RIBS W SMOKED CHICKEN,BABY BACK RIBS W SMOKED CHICKEN
ITALIAN SPAGHETTI W P.BREAD,ITALIAN SPAGHETTI W PIZZA BREAD
TS MACORONI SALAD,TS MACARONI SALAD
TS MAC SALAD,TS MACARONI SALAD
TS MACARONI,TS MACARONI SALAD
CARB W CHICKEN,CARB W CHICKEN
CARBO W  CHICKEN,CARB W CHICKEN
TUNA SANDWICH W  PJ,TUNA SANDWICH W PJ
SB SIGICED COFI,SIGNATURE ICED COFFEE
SB SIGICEDCOFI,SIGNATURE ICED COFFEE
SIG ICED COFI ,SIGNATURE ICED COFFEE
CARAMEL MACHIATO,ICED CARAMEL MACCHIATO
CARAMEL MACCHIATO,ICED CARAMEL MACCHIATO
SB SWEET BLCK,ICED SWEET BLACK
SB SWEETBLCK,ICED SWEET BLACK
SWEET BLACK,ICED SWEET BLACK
SWEET BLCK,ICED SWEET BLACK
